GROUP,PACKAGE,CLASS,INSTRUCTION_MISSED,INSTRUCTION_COVERED,BRANCH_MISSED,BRANCH_COVERED,LINE_MISSED,LINE_COVERED,COMPLEXITY_MISSED,COMPLEXITY_COVERED,METHOD_MISSED,METHOD_COVERED
Orne Test Generators,dev.orne.test.rnd,Generator,13,21,1,3,2,5,1,3,0,2
Orne Test Generators,dev.orne.test.rnd,GenerationException,16,0,0,0,8,0,4,0,4,0
Orne Test Generators,dev.orne.test.rnd,AbstractTypedGenerator,61,57,8,0,17,16,8,6,4,6
Orne Test Generators,dev.orne.test.rnd,AbstractGenerator,75,43,7,5,18,13,9,7,5,5
Orne Test Generators,dev.orne.test.rnd,GeneratorNotFoundException,16,0,0,0,8,0,4,0,4,0
Orne Test Generators,dev.orne.test.rnd,Generators,113,195,6,10,40,53,17,25,12,22
Orne Test Generators,dev.orne.test.rnd,Generators.MissingGenerator,22,5,0,0,5,1,5,1,5,1
Orne Test Generators,dev.orne.test.rnd,UnsupportedValueTypeException,16,0,0,0,8,0,4,0,4,0
Orne Test Generators,dev.orne.test.rnd.generators,CalendarGenerator,0,23,0,0,0,10,0,3,0,3
Orne Test Generators,dev.orne.test.rnd.generators,MonthDayGenerator,0,36,0,3,0,12,0,5,0,3
Orne Test Generators,dev.orne.test.rnd.generators,ZonedDateTimeGenerator,0,19,0,0,0,8,0,3,0,3
Orne Test Generators,dev.orne.test.rnd.generators,ZoneOffsetGenerator,0,23,0,0,0,7,0,3,0,3
Orne Test Generators,dev.orne.test.rnd.generators,MapGenerator,20,135,5,7,5,35,4,11,1,8
Orne Test Generators,dev.orne.test.rnd.generators,OffsetDateTimeGenerator,0,19,0,0,0,8,0,3,0,3
Orne Test Generators,dev.orne.test.rnd.generators,LocalTimeGenerator,0,19,0,0,0,8,0,3,0,3
Orne Test Generators,dev.orne.test.rnd.generators,URIGenerator,57,743,8,76,14,169,7,67,1,31
Orne Test Generators,dev.orne.test.rnd.generators,YearMonthGenerator,0,18,0,0,0,6,0,3,0,3
Orne Test Generators,dev.orne.test.rnd.generators,SetGenerator,20,122,5,7,5,28,4,11,1,8
Orne Test Generators,dev.orne.test.rnd.generators,BigIntegerGenerator,0,27,0,2,0,10,0,6,0,5
Orne Test Generators,dev.orne.test.rnd.generators,LongGenerator,0,19,0,2,0,8,0,5,0,4
Orne Test Generators,dev.orne.test.rnd.generators,EnumGenerator,30,35,3,3,5,8,3,5,1,4
Orne Test Generators,dev.orne.test.rnd.generators,DateGenerator,0,13,0,0,0,4,0,3,0,3
Orne Test Generators,dev.orne.test.rnd.generators,CharacterGenerator,0,14,0,0,0,5,0,4,0,4
Orne Test Generators,dev.orne.test.rnd.generators,BooleanGenerator,0,9,0,0,0,4,0,3,0,3
Orne Test Generators,dev.orne.test.rnd.generators,CharsetGenerator,10,52,0,4,2,14,1,6,1,4
Orne Test Generators,dev.orne.test.rnd.generators,DoubleGenerator,31,41,11,3,6,14,9,6,2,6
Orne Test Generators,dev.orne.test.rnd.generators,LocalDateGenerator,0,22,0,2,0,7,0,4,0,3
Orne Test Generators,dev.orne.test.rnd.generators,ChronologyGenerator,0,22,0,0,0,7,0,4,0,4
Orne Test Generators,dev.orne.test.rnd.generators,LocaleGenerator,0,17,0,0,0,6,0,4,0,4
Orne Test Generators,dev.orne.test.rnd.generators,LocalDateTimeGenerator,0,19,0,0,0,8,0,3,0,3
Orne Test Generators,dev.orne.test.rnd.generators,TimeZoneGenerator,0,18,0,0,0,6,0,4,0,4
Orne Test Generators,dev.orne.test.rnd.generators,URLGenerator.NopStreamHandler,5,3,0,0,1,2,1,1,1,1
Orne Test Generators,dev.orne.test.rnd.generators,ListGenerator,20,134,5,11,5,29,4,14,1,9
Orne Test Generators,dev.orne.test.rnd.generators,CurrencyGenerator,4,27,0,0,2,11,0,4,0,4
Orne Test Generators,dev.orne.test.rnd.generators,UUIDGenerator,0,11,0,0,0,5,0,4,0,4
Orne Test Generators,dev.orne.test.rnd.generators,OffsetTimeGenerator,0,19,0,0,0,8,0,3,0,3
Orne Test Generators,dev.orne.test.rnd.generators,YearGenerator,0,13,0,0,0,4,0,3,0,3
Orne Test Generators,dev.orne.test.rnd.generators,BigDecimalGenerator,0,34,0,4,0,9,0,8,0,6
Orne Test Generators,dev.orne.test.rnd.generators,CollectionGeneratorUtils,62,26,6,2,8,8,4,2,0,2
Orne Test Generators,dev.orne.test.rnd.generators,IntegerGenerator,0,33,0,2,0,9,0,6,0,5
Orne Test Generators,dev.orne.test.rnd.generators,ShortGenerator,0,14,0,0,0,5,0,4,0,4
Orne Test Generators,dev.orne.test.rnd.generators,InstantGenerator,0,8,0,0,0,4,0,3,0,3
Orne Test Generators,dev.orne.test.rnd.generators,AbstractPrimitiveGenerator,4,30,0,6,2,6,1,7,1,4
Orne Test Generators,dev.orne.test.rnd.generators,DurationGenerator,0,22,0,2,0,7,0,4,0,3
Orne Test Generators,dev.orne.test.rnd.generators,FloatGenerator,29,39,11,3,6,14,9,6,2,6
Orne Test Generators,dev.orne.test.rnd.generators,StringGenerator,4,66,0,4,1,15,1,9,1,7
Orne Test Generators,dev.orne.test.rnd.generators,ArrayGenerator,36,75,4,6,8,19,4,8,1,6
Orne Test Generators,dev.orne.test.rnd.generators,ClockGenerator,0,10,0,0,0,4,0,3,0,3
Orne Test Generators,dev.orne.test.rnd.generators,ByteGenerator,0,14,0,0,0,5,0,4,0,4
Orne Test Generators,dev.orne.test.rnd.generators,URLGenerator,14,27,0,0,4,7,0,5,0,5
Orne Test Generators,dev.orne.test.rnd.generators,PeriodGenerator,0,22,0,0,0,7,0,3,0,3
Orne Test Generators,dev.orne.test.rnd.generators,AnnotatedMethodGenerator,93,190,10,20,21,48,11,20,4,12
Orne Test Generators,dev.orne.test.rnd.generators,PathGenerator,28,60,1,3,5,18,5,10,4,9
Orne Test Generators,dev.orne.test.rnd.generators,ZoneIdGenerator,0,22,0,0,0,7,0,4,0,4
Orne Test Generators,dev.orne.test.rnd.generators,FileGenerator,28,56,1,3,5,17,5,9,4,8
Orne Test Generators,dev.orne.test.rnd.params,MapGenerationParameters,138,29,10,0,40,12,15,7,10,7
Orne Test Generators,dev.orne.test.rnd.params,SimpleGenericParametersExtractor,0,12,1,1,0,6,1,2,0,2
Orne Test Generators,dev.orne.test.rnd.params,SizeConstraintExtractor,0,34,0,0,0,5,0,2,0,2
Orne Test Generators,dev.orne.test.rnd.params,NullableParametersImpl,34,18,2,0,9,8,5,4,4,4
Orne Test Generators,dev.orne.test.rnd.params,DefaultParametersExtractor,50,85,6,6,13,25,7,7,4,4
Orne Test Generators,dev.orne.test.rnd.params,MaxConstraintExtractor,18,3,0,0,2,2,1,1,1,1
Orne Test Generators,dev.orne.test.rnd.params,NumberParametersExtractor,47,3,8,0,11,2,7,1,3,1
Orne Test Generators,dev.orne.test.rnd.params,ExecutableGenerator,57,90,6,4,15,17,6,8,3,6
Orne Test Generators,dev.orne.test.rnd.params,ConstructorGenerator,7,40,0,2,2,8,0,5,0,4
Orne Test Generators,dev.orne.test.rnd.params,AbstractTargetedGenerator,65,140,9,7,16,38,9,11,3,9
Orne Test Generators,dev.orne.test.rnd.params,MethodParameterTypeGenerator,83,63,7,1,22,15,9,5,5,5
Orne Test Generators,dev.orne.test.rnd.params,ParametersExtractors,94,108,0,8,38,35,10,11,10,7
Orne Test Generators,dev.orne.test.rnd.params,TypeDeclaration,45,8,6,0,12,3,7,1,4,1
Orne Test Generators,dev.orne.test.rnd.params,ParametersSourceExtractor.NopExtractor,5,0,0,0,3,0,3,0,3,0
Orne Test Generators,dev.orne.test.rnd.params,MethodReturnTypeGenerator,64,46,7,1,17,13,8,5,4,5
Orne Test Generators,dev.orne.test.rnd.params,ParameterTypeGenerator,89,0,6,0,24,0,11,0,8,0
Orne Test Generators,dev.orne.test.rnd.params,AbstractParametersSourceExtractor,67,57,6,0,18,14,7,3,4,3
Orne Test Generators,dev.orne.test.rnd.params,KeyValueGenericParametersImpl,67,33,2,0,22,14,9,7,8,7
Orne Test Generators,dev.orne.test.rnd.params,AbstractTypedParameterizableGenerator,156,56,21,3,37,14,25,5,14,4
Orne Test Generators,dev.orne.test.rnd.params,NullableParametersExtractor,2,13,2,2,0,4,2,2,0,2
Orne Test Generators,dev.orne.test.rnd.params,ConstraintIntrospector,85,203,13,11,29,63,10,15,2,11
Orne Test Generators,dev.orne.test.rnd.params,SizeParametersImpl,50,24,2,0,14,10,7,5,6,5
Orne Test Generators,dev.orne.test.rnd.params,PropertyTypeGenerator,88,64,7,1,23,17,10,5,6,5
Orne Test Generators,dev.orne.test.rnd.params,SimpleGenericParametersTypeExtractor,30,3,2,0,7,2,2,1,1,1
Orne Test Generators,dev.orne.test.rnd.params,PositiveConstraintExtractor,17,3,0,0,2,2,1,1,1,1
Orne Test Generators,dev.orne.test.rnd.params,FactoryMethodGenerator,7,55,0,2,2,11,0,5,0,4
Orne Test Generators,dev.orne.test.rnd.params,NumberParameters,7,0,0,0,2,0,1,0,1,0
Orne Test Generators,dev.orne.test.rnd.params,GeneratorNotParameterizableException,16,0,0,0,8,0,4,0,4,0
Orne Test Generators,dev.orne.test.rnd.params,NumberParametersImpl,83,0,2,0,27,0,12,0,11,0
Orne Test Generators,dev.orne.test.rnd.params,StringGenerationParameters,91,23,8,0,25,10,10,5,6,5
Orne Test Generators,dev.orne.test.rnd.params,SizeParametersExtractor,0,34,0,0,0,5,0,2,0,2
Orne Test Generators,dev.orne.test.rnd.params,ConstructorParameterTypeGenerator,84,63,6,0,23,15,8,5,5,5
Orne Test Generators,dev.orne.test.rnd.params,AbstractParameterizableGenerator,61,162,8,12,17,35,8,20,3,15
Orne Test Generators,dev.orne.test.rnd.params,MinConstraintExtractor,18,3,0,0,2,2,1,1,1,1
Orne Test Generators,dev.orne.test.rnd.params,NotNullConstraintExtractor,0,7,0,0,0,4,0,2,0,2
Orne Test Generators,dev.orne.test.rnd.params,PositiveOrZeroConstraintExtractor,17,3,0,0,2,2,1,1,1,1
Orne Test Generators,dev.orne.test.rnd.params,SimpleGenericParametersImpl,47,18,2,0,15,8,7,4,6,4
Orne Test Generators,dev.orne.test.rnd.params,CollectionGenerationParameters,120,22,10,0,35,9,14,5,9,5
Orne Test Generators,dev.orne.test.rnd.params,GenerationParameters,4,16,0,0,1,4,1,4,1,4
Orne Test Generators,dev.orne.test.rnd.params,KeyValueGenericParametersExtractor,0,20,2,2,0,9,2,2,0,2
Orne Test Generators,dev.orne.test.rnd.params,KeyValueGenericParametersTypeExtractor,36,3,2,0,8,2,2,1,1,1
Orne Test Generators,dev.orne.test.rnd.params,ParametersSourceExtractor,2,19,1,1,0,4,1,2,0,2
Orne Test Generators,dev.orne.test.rnd.junit,RandomValueExtension,137,0,10,0,33,0,15,0,10,0
